"Id";"Designator";"Footprint";"Quantity";"Designation";"Supplier and ref";
1;"A1";"RaspberryPi_Pico_Common_THT";1;"RaspberryPi_Pico";;;
2;"C1, C2, C3, C4, C6, C7, C8, C9, C13";"C_Disc_D6.0mm_W2.5mm_P5.00mm";9;"100nf";;;
3;"C5, C12";"CP_Radial_D8.0mm_P5.00mm";2;"10uf 16v";;;
4;"C10, C11";"C_Disc_D6.0mm_W2.5mm_P5.00mm";2;"22uf";;;
5;"D2";"D_DO-41_SOD81_P10.16mm_Horizontal";1;"1N5817";;;
6;"D3";"LED_D3.0mm_Clear";1;"LED";;;
7;"D4, D5, D6, D7, D8, D9, D10, D11, D12, D13, D14, D15, D16, D17, D18, D19, D20, D21, D22, D23";"SOT-23";20;"BAT54S";;;
8;"F1";"Fuse_Littelfuse_395Series";1;"RXEF050";;;
9;"J3";"BarrelJack_Horizontal";1;"Barrel_Jack_Switch";;;
10;"J4";"PinHeader_2x05_P2.54mm_Vertical";1;"selector";;;
11;"J6";"PinHeader_2x10_P2.54mm_Vertical";1;"Power header";;;
12;"J7";"PinHeader_1x16_P2.54mm_Vertical";1;"pin 1-16_ziff";;;
13;"J8";"PinHeader_1x16_P2.54mm_Vertical";1;"pin 17-20_ziff";;;
14;"L1";"R_Axial_DIN0207_L6.3mm_D2.5mm_P7.62mm_Horizontal";1;"3.9uH";;;
15;"Q1";"TO-92L_Wide";1;"2N3904";;;
16;"R1";"R_Axial_DIN0207_L6.3mm_D2.5mm_P7.62mm_Horizontal";1;"10k";;;
17;"R2";"R_Axial_DIN0207_L6.3mm_D2.5mm_P7.62mm_Horizontal";1;"1K";;;
18;"R3";"R_Axial_DIN0207_L6.3mm_D2.5mm_P7.62mm_Horizontal";1;"100K";;;
19;"R4, R5, R6, R11";"R_Axial_DIN0207_L6.3mm_D2.5mm_P7.62mm_Horizontal";4;"330R";;;
20;"R7, R8";"R_Axial_DIN0207_L6.3mm_D2.5mm_P7.62mm_Horizontal";2;"4.7K";;;
21;"R9";"R_Axial_DIN0207_L6.3mm_D2.5mm_P7.62mm_Horizontal";1;"10R";;;
22;"R12, R13";"R_Axial_DIN0207_L6.3mm_D2.5mm_P7.62mm_Horizontal";2;"10K";;;
23;"R14, R15, R16, R17, R18, R19, R20, R21, R22, R23, R24, R25, R26, R27, R28, R29, R30, R31, R32, R33";"R_Axial_DIN0207_L6.3mm_D2.5mm_P7.62mm_Horizontal";20;"1k";;;
24;"SW3";"SW_PUSH_6mm_H7.3mm";1;"SW_Push";;;
25;"SW4";"PinHeader_1x03_P2.54mm_Vertical";1;"power on/off";;;
26;"SW5";"PinSocket_1x03_P2.54mm_Vertical";1;"SW_DP3T_B";;;
27;"SW6";"PinSocket_1x03_P2.54mm_Vertical";1;"SW_DP3T_A";;;
28;"U1";"DIP-28_W7.62mm";1;"MCP23017x-x-SP";;;
29;"U2";"TSOT-23-6";1;"AP63203WU";;;
